algorithm,implementation,top_k,threads,search_parameter,search_value,recall_at_k,qps,repeat_count,warmup_queries,base_count,query_count,dimension,index_parameters,status,note
faiss-hnsw,Faiss,10,1,efSearch,10,0.70367,30165.7,5,1000,1000000,10000,128,M=16;efConstruction=100,ok,
faiss-hnsw,Faiss,10,1,efSearch,15,0.78384,23494.6,5,1000,1000000,10000,128,M=16;efConstruction=100,ok,
faiss-hnsw,Faiss,10,1,efSearch,20,0.8319,19480.8,5,1000,1000000,10000,128,M=16;efConstruction=100,ok,
faiss-hnsw,Faiss,10,1,efSearch,30,0.88938,14506.1,5,1000,1000000,10000,128,M=16;efConstruction=100,ok,
faiss-hnsw,Faiss,10,1,efSearch,40,0.92138,11573.3,5,1000,1000000,10000,128,M=16;efConstruction=100,ok,
faiss-hnsw,Faiss,10,1,efSearch,50,0.94151,9613.64,5,1000,1000000,10000,128,M=16;efConstruction=100,ok,
faiss-hnsw,Faiss,10,1,efSearch,75,0.96739,6761.63,5,1000,1000000,10000,128,M=16;efConstruction=100,ok,
faiss-hnsw,Faiss,10,1,efSearch,100,0.97967,5235.52,5,1000,1000000,10000,128,M=16;efConstruction=100,ok,
faiss-hnsw,Faiss,10,1,efSearch,150,0.98951,3568.98,5,1000,1000000,10000,128,M=16;efConstruction=100,ok,
faiss-hnsw,Faiss,10,1,efSearch,200,0.99365,2704.17,5,1000,1000000,10000,128,M=16;efConstruction=100,ok,
faiss-hnsw,Faiss,10,1,efSearch,300,0.99701,1794.07,5,1000,1000000,10000,128,M=16;efConstruction=100,ok,
faiss-hnsw,Faiss,10,1,efSearch,400,0.99813,1325.22,5,1000,1000000,10000,128,M=16;efConstruction=100,ok,
faiss-hnsw,Faiss,10,1,efSearch,800,0.99914,592.679,5,1000,1000000,10000,128,M=16;efConstruction=100,ok,
faiss-hnsw,Faiss,100,1,efSearch,100,0.917456,4901.71,5,1000,1000000,10000,128,M=16;efConstruction=100,ok,
faiss-hnsw,Faiss,100,1,efSearch,150,0.955482,3397.82,5,1000,1000000,10000,128,M=16;efConstruction=100,ok,
faiss-hnsw,Faiss,100,1,efSearch,200,0.972777,2607.74,5,1000,1000000,10000,128,M=16;efConstruction=100,ok,
faiss-hnsw,Faiss,100,1,efSearch,300,0.987362,1754.49,5,1000,1000000,10000,128,M=16;efConstruction=100,ok,
faiss-hnsw,Faiss,100,1,efSearch,400,0.992876,1294.65,5,1000,1000000,10000,128,M=16;efConstruction=100,ok,
faiss-hnsw,Faiss,100,1,efSearch,800,0.998304,584.414,5,1000,1000000,10000,128,M=16;efConstruction=100,ok,
faiss-hnsw,Faiss,10,16,efSearch,10,0.70367,340326,5,1000,1000000,10000,128,M=16;efConstruction=100,ok,
faiss-hnsw,Faiss,10,16,efSearch,15,0.78384,265920,5,1000,1000000,10000,128,M=16;efConstruction=100,ok,
faiss-hnsw,Faiss,10,16,efSearch,20,0.8319,219559,5,1000,1000000,10000,128,M=16;efConstruction=100,ok,
faiss-hnsw,Faiss,10,16,efSearch,30,0.88938,162797,5,1000,1000000,10000,128,M=16;efConstruction=100,ok,
faiss-hnsw,Faiss,10,16,efSearch,40,0.92138,129870,5,1000,1000000,10000,128,M=16;efConstruction=100,ok,
faiss-hnsw,Faiss,10,16,efSearch,50,0.94151,108171,5,1000,1000000,10000,128,M=16;efConstruction=100,ok,
faiss-hnsw,Faiss,10,16,efSearch,75,0.96739,76647.4,5,1000,1000000,10000,128,M=16;efConstruction=100,ok,
faiss-hnsw,Faiss,10,16,efSearch,100,0.97967,59587.6,5,1000,1000000,10000,128,M=16;efConstruction=100,ok,
faiss-hnsw,Faiss,10,16,efSearch,150,0.98951,41483.6,5,1000,1000000,10000,128,M=16;efConstruction=100,ok,
faiss-hnsw,Faiss,10,16,efSearch,200,0.99365,31796.4,5,1000,1000000,10000,128,M=16;efConstruction=100,ok,
faiss-hnsw,Faiss,10,16,efSearch,300,0.99701,21762.1,5,1000,1000000,10000,128,M=16;efConstruction=100,ok,
faiss-hnsw,Faiss,10,16,efSearch,400,0.99813,16548.2,5,1000,1000000,10000,128,M=16;efConstruction=100,ok,
faiss-hnsw,Faiss,10,16,efSearch,800,0.99914,8044.99,5,1000,1000000,10000,128,M=16;efConstruction=100,ok,
faiss-hnsw,Faiss,100,16,efSearch,100,0.917456,57274.1,5,1000,1000000,10000,128,M=16;efConstruction=100,ok,
faiss-hnsw,Faiss,100,16,efSearch,150,0.955482,40385.6,5,1000,1000000,10000,128,M=16;efConstruction=100,ok,
faiss-hnsw,Faiss,100,16,efSearch,200,0.972777,31166,5,1000,1000000,10000,128,M=16;efConstruction=100,ok,
faiss-hnsw,Faiss,100,16,efSearch,300,0.987362,21451.5,5,1000,1000000,10000,128,M=16;efConstruction=100,ok,
faiss-hnsw,Faiss,100,16,efSearch,400,0.992876,16315.9,5,1000,1000000,10000,128,M=16;efConstruction=100,ok,
faiss-hnsw,Faiss,100,16,efSearch,800,0.998304,7989.76,5,1000,1000000,10000,128,M=16;efConstruction=100,ok,
faiss-ivfpq,Faiss,10,1,nprobe,1,0.32485,30931.3,5,1000,1000000,10000,128,nlist=1024;M=16;nbits=8;train=100000,ok,
faiss-ivfpq,Faiss,10,1,nprobe,2,0.4156,22281.2,5,1000,1000000,10000,128,nlist=1024;M=16;nbits=8;train=100000,ok,
faiss-ivfpq,Faiss,10,1,nprobe,4,0.48535,14413.7,5,1000,1000000,10000,128,nlist=1024;M=16;nbits=8;train=100000,ok,
faiss-ivfpq,Faiss,10,1,nprobe,8,0.52839,9616.46,5,1000,1000000,10000,128,nlist=1024;M=16;nbits=8;train=100000,ok,
faiss-ivfpq,Faiss,10,1,nprobe,16,0.55083,4733.08,5,1000,1000000,10000,128,nlist=1024;M=16;nbits=8;train=100000,ok,
faiss-ivfpq,Faiss,10,1,nprobe,32,0.55962,2687.68,5,1000,1000000,10000,128,nlist=1024;M=16;nbits=8;train=100000,ok,
faiss-ivfpq,Faiss,10,1,nprobe,64,0.56182,1392.74,5,1000,1000000,10000,128,nlist=1024;M=16;nbits=8;train=100000,ok,
faiss-ivfpq,Faiss,10,1,nprobe,128,0.56211,785.273,5,1000,1000000,10000,128,nlist=1024;M=16;nbits=8;train=100000,ok,
faiss-ivfpq,Faiss,10,1,nprobe,256,0.56214,406.258,5,1000,1000000,10000,128,nlist=1024;M=16;nbits=8;train=100000,ok,
faiss-ivfpq,Faiss,10,1,nprobe,512,0.56214,206.434,5,1000,1000000,10000,128,nlist=1024;M=16;nbits=8;train=100000,ok,
faiss-ivfpq,Faiss,10,1,nprobe,1024,0.56214,101.752,5,1000,1000000,10000,128,nlist=1024;M=16;nbits=8;train=100000,ok,
faiss-ivfpq,Faiss,100,1,nprobe,1,0.287967,20059,5,1000,1000000,10000,128,nlist=1024;M=16;nbits=8;train=100000,ok,
faiss-ivfpq,Faiss,100,1,nprobe,2,0.400874,15375.7,5,1000,1000000,10000,128,nlist=1024;M=16;nbits=8;train=100000,ok,
faiss-ivfpq,Faiss,100,1,nprobe,4,0.500234,10929.6,5,1000,1000000,10000,128,nlist=1024;M=16;nbits=8;train=100000,ok,
faiss-ivfpq,Faiss,100,1,nprobe,8,0.57095,7105.02,5,1000,1000000,10000,128,nlist=1024;M=16;nbits=8;train=100000,ok,
faiss-ivfpq,Faiss,100,1,nprobe,16,0.612316,4244.07,5,1000,1000000,10000,128,nlist=1024;M=16;nbits=8;train=100000,ok,
faiss-ivfpq,Faiss,100,1,nprobe,32,0.631282,2381.15,5,1000,1000000,10000,128,nlist=1024;M=16;nbits=8;train=100000,ok,
faiss-ivfpq,Faiss,100,1,nprobe,64,0.637322,1333.73,5,1000,1000000,10000,128,nlist=1024;M=16;nbits=8;train=100000,ok,
faiss-ivfpq,Faiss,100,1,nprobe,128,0.638479,691.041,5,1000,1000000,10000,128,nlist=1024;M=16;nbits=8;train=100000,ok,
faiss-ivfpq,Faiss,100,1,nprobe,256,0.63855,402.899,5,1000,1000000,10000,128,nlist=1024;M=16;nbits=8;train=100000,ok,
faiss-ivfpq,Faiss,100,1,nprobe,512,0.638551,199.558,5,1000,1000000,10000,128,nlist=1024;M=16;nbits=8;train=100000,ok,
faiss-ivfpq,Faiss,100,1,nprobe,1024,0.638551,99.97,5,1000,1000000,10000,128,nlist=1024;M=16;nbits=8;train=100000,ok,
faiss-ivfpq,Faiss,10,16,nprobe,1,0.32485,386494,5,1000,1000000,10000,128,nlist=1024;M=16;nbits=8;train=100000,ok,
faiss-ivfpq,Faiss,10,16,nprobe,2,0.4156,299017,5,1000,1000000,10000,128,nlist=1024;M=16;nbits=8;train=100000,ok,
faiss-ivfpq,Faiss,10,16,nprobe,4,0.48535,208417,5,1000,1000000,10000,128,nlist=1024;M=16;nbits=8;train=100000,ok,
faiss-ivfpq,Faiss,10,16,nprobe,8,0.52839,131924,5,1000,1000000,10000,128,nlist=1024;M=16;nbits=8;train=100000,ok,
faiss-ivfpq,Faiss,10,16,nprobe,16,0.55083,77175.2,5,1000,1000000,10000,128,nlist=1024;M=16;nbits=8;train=100000,ok,
faiss-ivfpq,Faiss,10,16,nprobe,32,0.55962,42925,5,1000,1000000,10000,128,nlist=1024;M=16;nbits=8;train=100000,ok,
faiss-ivfpq,Faiss,10,16,nprobe,64,0.56182,23115.1,5,1000,1000000,10000,128,nlist=1024;M=16;nbits=8;train=100000,ok,
faiss-ivfpq,Faiss,10,16,nprobe,128,0.56211,12269.9,5,1000,1000000,10000,128,nlist=1024;M=16;nbits=8;train=100000,ok,
faiss-ivfpq,Faiss,10,16,nprobe,256,0.56214,6434.47,5,1000,1000000,10000,128,nlist=1024;M=16;nbits=8;train=100000,ok,
faiss-ivfpq,Faiss,10,16,nprobe,512,0.56214,3287.53,5,1000,1000000,10000,128,nlist=1024;M=16;nbits=8;train=100000,ok,
faiss-ivfpq,Faiss,10,16,nprobe,1024,0.56214,1626.31,5,1000,1000000,10000,128,nlist=1024;M=16;nbits=8;train=100000,ok,
faiss-ivfpq,Faiss,100,16,nprobe,1,0.287967,275599,5,1000,1000000,10000,128,nlist=1024;M=16;nbits=8;train=100000,ok,
faiss-ivfpq,Faiss,100,16,nprobe,2,0.400874,221570,5,1000,1000000,10000,128,nlist=1024;M=16;nbits=8;train=100000,ok,
faiss-ivfpq,Faiss,100,16,nprobe,4,0.500235,165216,5,1000,1000000,10000,128,nlist=1024;M=16;nbits=8;train=100000,ok,
faiss-ivfpq,Faiss,100,16,nprobe,8,0.570949,112578,5,1000,1000000,10000,128,nlist=1024;M=16;nbits=8;train=100000,ok,
faiss-ivfpq,Faiss,100,16,nprobe,16,0.612316,69959.3,5,1000,1000000,10000,128,nlist=1024;M=16;nbits=8;train=100000,ok,
faiss-ivfpq,Faiss,100,16,nprobe,32,0.631281,40549,5,1000,1000000,10000,128,nlist=1024;M=16;nbits=8;train=100000,ok,
faiss-ivfpq,Faiss,100,16,nprobe,64,0.637322,22401.2,5,1000,1000000,10000,128,nlist=1024;M=16;nbits=8;train=100000,ok,
faiss-ivfpq,Faiss,100,16,nprobe,128,0.638478,12052,5,1000,1000000,10000,128,nlist=1024;M=16;nbits=8;train=100000,ok,
faiss-ivfpq,Faiss,100,16,nprobe,256,0.638549,6371.5,5,1000,1000000,10000,128,nlist=1024;M=16;nbits=8;train=100000,ok,
faiss-ivfpq,Faiss,100,16,nprobe,512,0.63855,3272.29,5,1000,1000000,10000,128,nlist=1024;M=16;nbits=8;train=100000,ok,
faiss-ivfpq,Faiss,100,16,nprobe,1024,0.63855,1622.35,5,1000,1000000,10000,128,nlist=1024;M=16;nbits=8;train=100000,ok,
hnswlib-hnsw,hnswlib,10,1,efSearch,10,0.70909,11694.7,5,1000,1000000,10000,128,M=16;efConstruction=200;buildThreads=16,ok,
hnswlib-hnsw,hnswlib,10,1,efSearch,15,0.78992,9245,5,1000,1000000,10000,128,M=16;efConstruction=200;buildThreads=16,ok,
hnswlib-hnsw,hnswlib,10,1,efSearch,20,0.83967,7686.3,5,1000,1000000,10000,128,M=16;efConstruction=200;buildThreads=16,ok,
hnswlib-hnsw,hnswlib,10,1,efSearch,30,0.8958,5836.77,5,1000,1000000,10000,128,M=16;efConstruction=200;buildThreads=16,ok,
hnswlib-hnsw,hnswlib,10,1,efSearch,40,0.92738,4709.28,5,1000,1000000,10000,128,M=16;efConstruction=200;buildThreads=16,ok,
hnswlib-hnsw,hnswlib,10,1,efSearch,50,0.94677,3962.97,5,1000,1000000,10000,128,M=16;efConstruction=200;buildThreads=16,ok,
hnswlib-hnsw,hnswlib,10,1,efSearch,75,0.97214,2886.4,5,1000,1000000,10000,128,M=16;efConstruction=200;buildThreads=16,ok,
hnswlib-hnsw,hnswlib,10,1,efSearch,100,0.98291,2274.81,5,1000,1000000,10000,128,M=16;efConstruction=200;buildThreads=16,ok,
hnswlib-hnsw,hnswlib,10,1,efSearch,150,0.99208,1635.47,5,1000,1000000,10000,128,M=16;efConstruction=200;buildThreads=16,ok,
hnswlib-hnsw,hnswlib,10,1,efSearch,200,0.9954,1284.77,5,1000,1000000,10000,128,M=16;efConstruction=200;buildThreads=16,ok,
hnswlib-hnsw,hnswlib,10,1,efSearch,300,0.99797,915.372,5,1000,1000000,10000,128,M=16;efConstruction=200;buildThreads=16,ok,
hnswlib-hnsw,hnswlib,10,1,efSearch,400,0.99865,718.677,5,1000,1000000,10000,128,M=16;efConstruction=200;buildThreads=16,ok,
hnswlib-hnsw,hnswlib,10,1,efSearch,800,0.99939,403.427,5,1000,1000000,10000,128,M=16;efConstruction=200;buildThreads=16,ok,
hnswlib-hnsw,hnswlib,100,1,efSearch,100,0.923472,2261.47,5,1000,1000000,10000,128,M=16;efConstruction=200;buildThreads=16,ok,
hnswlib-hnsw,hnswlib,100,1,efSearch,150,0.960917,1625.55,5,1000,1000000,10000,128,M=16;efConstruction=200;buildThreads=16,ok,
hnswlib-hnsw,hnswlib,100,1,efSearch,200,0.977296,1278.95,5,1000,1000000,10000,128,M=16;efConstruction=200;buildThreads=16,ok,
hnswlib-hnsw,hnswlib,100,1,efSearch,300,0.990172,911.442,5,1000,1000000,10000,128,M=16;efConstruction=200;buildThreads=16,ok,
hnswlib-hnsw,hnswlib,100,1,efSearch,400,0.994978,716.401,5,1000,1000000,10000,128,M=16;efConstruction=200;buildThreads=16,ok,
hnswlib-hnsw,hnswlib,100,1,efSearch,800,0.999096,402.495,5,1000,1000000,10000,128,M=16;efConstruction=200;buildThreads=16,ok,
hnswlib-hnsw,hnswlib,10,16,efSearch,10,0.70909,156788,5,1000,1000000,10000,128,M=16;efConstruction=200;buildThreads=16,ok,
hnswlib-hnsw,hnswlib,10,16,efSearch,15,0.78992,122974,5,1000,1000000,10000,128,M=16;efConstruction=200;buildThreads=16,ok,
hnswlib-hnsw,hnswlib,10,16,efSearch,20,0.83967,101845,5,1000,1000000,10000,128,M=16;efConstruction=200;buildThreads=16,ok,
hnswlib-hnsw,hnswlib,10,16,efSearch,30,0.8958,77403.2,5,1000,1000000,10000,128,M=16;efConstruction=200;buildThreads=16,ok,
hnswlib-hnsw,hnswlib,10,16,efSearch,40,0.92738,62357.9,5,1000,1000000,10000,128,M=16;efConstruction=200;buildThreads=16,ok,
hnswlib-hnsw,hnswlib,10,16,efSearch,50,0.94677,52298.2,5,1000,1000000,10000,128,M=16;efConstruction=200;buildThreads=16,ok,
hnswlib-hnsw,hnswlib,10,16,efSearch,75,0.97214,37591.2,5,1000,1000000,10000,128,M=16;efConstruction=200;buildThreads=16,ok,
hnswlib-hnsw,hnswlib,10,16,efSearch,100,0.98291,29605.8,5,1000,1000000,10000,128,M=16;efConstruction=200;buildThreads=16,ok,
hnswlib-hnsw,hnswlib,10,16,efSearch,150,0.99208,20943.1,5,1000,1000000,10000,128,M=16;efConstruction=200;buildThreads=16,ok,
hnswlib-hnsw,hnswlib,10,16,efSearch,200,0.9954,16315.2,5,1000,1000000,10000,128,M=16;efConstruction=200;buildThreads=16,ok,
hnswlib-hnsw,hnswlib,10,16,efSearch,300,0.99797,11403.2,5,1000,1000000,10000,128,M=16;efConstruction=200;buildThreads=16,ok,
hnswlib-hnsw,hnswlib,10,16,efSearch,400,0.99865,8848.44,5,1000,1000000,10000,128,M=16;efConstruction=200;buildThreads=16,ok,
hnswlib-hnsw,hnswlib,10,16,efSearch,800,0.99939,4856.26,5,1000,1000000,10000,128,M=16;efConstruction=200;buildThreads=16,ok,
hnswlib-hnsw,hnswlib,100,16,efSearch,100,0.923472,29096.2,5,1000,1000000,10000,128,M=16;efConstruction=200;buildThreads=16,ok,
hnswlib-hnsw,hnswlib,100,16,efSearch,150,0.960917,20647.1,5,1000,1000000,10000,128,M=16;efConstruction=200;buildThreads=16,ok,
hnswlib-hnsw,hnswlib,100,16,efSearch,200,0.977296,16096,5,1000,1000000,10000,128,M=16;efConstruction=200;buildThreads=16,ok,
hnswlib-hnsw,hnswlib,100,16,efSearch,300,0.990172,11294,5,1000,1000000,10000,128,M=16;efConstruction=200;buildThreads=16,ok,
hnswlib-hnsw,hnswlib,100,16,efSearch,400,0.994978,8784.12,5,1000,1000000,10000,128,M=16;efConstruction=200;buildThreads=16,ok,
hnswlib-hnsw,hnswlib,100,16,efSearch,800,0.999096,4830.59,5,1000,1000000,10000,128,M=16;efConstruction=200;buildThreads=16,ok,
ngt,NGT,10,1,epsilon,-0.1,0.4641,17698.5,5,1000,1000000,10000,128,indexType=GraphAndTree;edgeSizeForCreation=40;edgeSizeForSearch=0;buildThreads=16,ok,
ngt,NGT,10,1,epsilon,0,0.87814,8353.88,5,1000,1000000,10000,128,indexType=GraphAndTree;edgeSizeForCreation=40;edgeSizeForSearch=0;buildThreads=16,ok,
ngt,NGT,10,1,epsilon,0.05,0.97743,3757.67,5,1000,1000000,10000,128,indexType=GraphAndTree;edgeSizeForCreation=40;edgeSizeForSearch=0;buildThreads=16,ok,
ngt,NGT,10,1,epsilon,0.1,0.99814,1536.92,5,1000,1000000,10000,128,indexType=GraphAndTree;edgeSizeForCreation=40;edgeSizeForSearch=0;buildThreads=16,ok,
ngt,NGT,10,1,epsilon,0.15,0.99936,641.972,5,1000,1000000,10000,128,indexType=GraphAndTree;edgeSizeForCreation=40;edgeSizeForSearch=0;buildThreads=16,ok,
ngt,NGT,10,1,epsilon,0.2,0.99944,297.552,5,1000,1000000,10000,128,indexType=GraphAndTree;edgeSizeForCreation=40;edgeSizeForSearch=0;buildThreads=16,ok,
ngt,NGT,10,1,epsilon,0.25,0.99944,153.554,5,1000,1000000,10000,128,indexType=GraphAndTree;edgeSizeForCreation=40;edgeSizeForSearch=0;buildThreads=16,ok,
ngt,NGT,10,1,epsilon,0.3,0.99944,91.4408,5,1000,1000000,10000,128,indexType=GraphAndTree;edgeSizeForCreation=40;edgeSizeForSearch=0;buildThreads=16,ok,
ngt,NGT,100,1,epsilon,-0.1,0.658316,3580.34,5,1000,1000000,10000,128,indexType=GraphAndTree;edgeSizeForCreation=40;edgeSizeForSearch=0;buildThreads=16,ok,
ngt,NGT,100,1,epsilon,0,0.98177,1568.26,5,1000,1000000,10000,128,indexType=GraphAndTree;edgeSizeForCreation=40;edgeSizeForSearch=0;buildThreads=16,ok,
ngt,NGT,100,1,epsilon,0.05,0.999003,682.321,5,1000,1000000,10000,128,indexType=GraphAndTree;edgeSizeForCreation=40;edgeSizeForSearch=0;buildThreads=16,ok,
ngt,NGT,100,1,epsilon,0.1,0.999868,313.217,5,1000,1000000,10000,128,indexType=GraphAndTree;edgeSizeForCreation=40;edgeSizeForSearch=0;buildThreads=16,ok,
ngt,NGT,100,1,epsilon,0.15,0.999889,159.352,5,1000,1000000,10000,128,indexType=GraphAndTree;edgeSizeForCreation=40;edgeSizeForSearch=0;buildThreads=16,ok,
ngt,NGT,100,1,epsilon,0.2,0.999889,88.7903,5,1000,1000000,10000,128,indexType=GraphAndTree;edgeSizeForCreation=40;edgeSizeForSearch=0;buildThreads=16,ok,
ngt,NGT,100,1,epsilon,0.25,0.999889,52.962,5,1000,1000000,10000,128,indexType=GraphAndTree;edgeSizeForCreation=40;edgeSizeForSearch=0;buildThreads=16,ok,
ngt,NGT,100,1,epsilon,0.3,0.999889,33.9654,5,1000,1000000,10000,128,indexType=GraphAndTree;edgeSizeForCreation=40;edgeSizeForSearch=0;buildThreads=16,ok,
ngt,NGT,10,16,epsilon,-0.1,0.46543,106628,5,1000,1000000,10000,128,indexType=GraphAndTree;edgeSizeForCreation=40;edgeSizeForSearch=0;buildThreads=16,ok,
ngt,NGT,10,16,epsilon,0,0.87741,103979,5,1000,1000000,10000,128,indexType=GraphAndTree;edgeSizeForCreation=40;edgeSizeForSearch=0;buildThreads=16,ok,
ngt,NGT,10,16,epsilon,0.05,0.97746,49784.9,5,1000,1000000,10000,128,indexType=GraphAndTree;edgeSizeForCreation=40;edgeSizeForSearch=0;buildThreads=16,ok,
ngt,NGT,10,16,epsilon,0.1,0.99814,19919.9,5,1000,1000000,10000,128,indexType=GraphAndTree;edgeSizeForCreation=40;edgeSizeForSearch=0;buildThreads=16,ok,
ngt,NGT,10,16,epsilon,0.15,0.99936,8438.1,5,1000,1000000,10000,128,indexType=GraphAndTree;edgeSizeForCreation=40;edgeSizeForSearch=0;buildThreads=16,ok,
ngt,NGT,10,16,epsilon,0.2,0.99944,3937.46,5,1000,1000000,10000,128,indexType=GraphAndTree;edgeSizeForCreation=40;edgeSizeForSearch=0;buildThreads=16,ok,
ngt,NGT,10,16,epsilon,0.25,0.99944,2042.6,5,1000,1000000,10000,128,indexType=GraphAndTree;edgeSizeForCreation=40;edgeSizeForSearch=0;buildThreads=16,ok,
ngt,NGT,10,16,epsilon,0.3,0.99944,1163.71,5,1000,1000000,10000,128,indexType=GraphAndTree;edgeSizeForCreation=40;edgeSizeForSearch=0;buildThreads=16,ok,
ngt,NGT,100,16,epsilon,-0.1,0.65815,45886.6,5,1000,1000000,10000,128,indexType=GraphAndTree;edgeSizeForCreation=40;edgeSizeForSearch=0;buildThreads=16,ok,
ngt,NGT,100,16,epsilon,0,0.981785,19576.8,5,1000,1000000,10000,128,indexType=GraphAndTree;edgeSizeForCreation=40;edgeSizeForSearch=0;buildThreads=16,ok,
ngt,NGT,100,16,epsilon,0.05,0.999004,8466.39,5,1000,1000000,10000,128,indexType=GraphAndTree;edgeSizeForCreation=40;edgeSizeForSearch=0;buildThreads=16,ok,
ngt,NGT,100,16,epsilon,0.1,0.999868,3797.49,5,1000,1000000,10000,128,indexType=GraphAndTree;edgeSizeForCreation=40;edgeSizeForSearch=0;buildThreads=16,ok,
ngt,NGT,100,16,epsilon,0.15,0.999889,1885.31,5,1000,1000000,10000,128,indexType=GraphAndTree;edgeSizeForCreation=40;edgeSizeForSearch=0;buildThreads=16,ok,
ngt,NGT,100,16,epsilon,0.2,0.999889,1034.37,5,1000,1000000,10000,128,indexType=GraphAndTree;edgeSizeForCreation=40;edgeSizeForSearch=0;buildThreads=16,ok,
ngt,NGT,100,16,epsilon,0.25,0.999889,618.636,5,1000,1000000,10000,128,indexType=GraphAndTree;edgeSizeForCreation=40;edgeSizeForSearch=0;buildThreads=16,ok,
ngt,NGT,100,16,epsilon,0.3,0.999889,401.613,5,1000,1000000,10000,128,indexType=GraphAndTree;edgeSizeForCreation=40;edgeSizeForSearch=0;buildThreads=16,ok,
kgn,KGN,,,,,,,,,,,,,skipped,repository contains only a linux_x86_64 wheel and no ARM-buildable source
qsgngt,QSG-NGT,,,,,,,,,,,,,skipped,repository contains only x86_64 binaries/libraries and no ARM-buildable source
parlay-vamana,ParlayANN,,,,,,,,,,,,,skipped,supplied ParlayANN distance code includes x86 intrinsics; ARM build disabled
parlay-hnsw,ParlayANN,,,,,,,,,,,,,skipped,supplied ParlayANN HNSW benchmark/search entry is incomplete; ARM build disabled
parlay-hcnng,ParlayANN,,,,,,,,,,,,,skipped,supplied ParlayANN distance code includes x86 intrinsics; ARM build disabled
parlay-pynndescent,ParlayANN,,,,,,,,,,,,,skipped,supplied ParlayANN distance code includes x86 intrinsics; ARM build disabled
